{"precision_test":0.9352706552706552,"_timestamp":1.7621116867924488e+09,"recall_test":0.9333333333333333,"accuracy_train":0.9901960784313726,"recall_train":0.9901960784313726,"_wandb":{"runtime":0},"f1_test":0.9335913978494624,"precision_train":0.9904474610356963,"accuracy_test":0.9333333333333333,"f1_train":0.9901843254784432,"_step":0,"_runtime":0}