{"_step":0,"recall_test":0.9555555555555556,"f1_test":0.9555555555555556,"accuracy_train":1,"precision_test":0.9555555555555556,"recall_train":1,"_timestamp":1.7621122486783757e+09,"accuracy_test":0.9555555555555556,"f1_train":1,"precision_train":1,"_runtime":0,"_wandb":{"runtime":0}}